"DESCRIPTION","DURATION IN MS","NAME","PARENT SUITE","START TIME","STATUS","STOP TIME","SUB SUITE","SUITE","TEST CLASS","TEST METHOD"
"","751","test_search_random_product","tests","Mon May 12 10:52:36 GMT 2025","passed","Mon May 12 10:52:36 GMT 2025","","test_search","",""
"","779","test_contact_us_form","tests","Mon May 12 10:52:27 GMT 2025","passed","Mon May 12 10:52:27 GMT 2025","","test_contact_us","",""
"","656","test_register_user[new_user_data0]","tests","Mon May 12 10:52:40 GMT 2025","passed","Mon May 12 10:52:41 GMT 2025","","test_signup","",""
"","936","test_products_and_details","tests","Mon May 12 10:52:34 GMT 2025","passed","Mon May 12 10:52:35 GMT 2025","","test_products","",""
"","528","test_user_logout[chromium]","tests","Mon May 12 10:52:31 GMT 2025","passed","Mon May 12 10:52:32 GMT 2025","","test_logout","",""
"","234","test_subscription_in_home_page","tests","Mon May 12 10:52:42 GMT 2025","passed","Mon May 12 10:52:42 GMT 2025","","test_subscription","",""
"","2186","test_register_and_login","tests","Mon May 12 10:52:47 GMT 2025","passed","Mon May 12 10:52:49 GMT 2025","","test_valid_login","",""
"","438","test_test_cases","tests","Mon May 12 10:52:42 GMT 2025","passed","Mon May 12 10:52:43 GMT 2025","","test_test_cases","",""
"","440","test_login_with_invalid_credentials[chromium]","tests","Mon May 12 10:52:29 GMT 2025","passed","Mon May 12 10:52:29 GMT 2025","","test_invalid_login","",""
"","238","test_signup_with_same_email[chromium]","tests","Mon May 12 10:52:33 GMT 2025","passed","Mon May 12 10:52:34 GMT 2025","","test_same_email_signup","",""
